Patient_ID,Age,Gender,Blood_Pressure,Sugar_Level,Cholesterol,Fever,Cough,Headache,Chest_Pain,Disease
P001,25,Male,118,92,170,1,1,0,0,Flu
P002,54,Female,145,168,235,0,0,0,1,Heart_Disease
P003,31,Male,122,105,180,1,1,1,0,Flu
P004,62,Female,150,190,245,0,0,0,1,Heart_Disease
P005,45,Male,130,155,220,0,0,1,0,Diabetes
P006,39,Female,125,145,205,0,0,1,0,Diabetes
P007,22,Female,115,88,165,1,1,1,0,Flu
P008,67,Male,155,210,260,0,0,0,1,Heart_Disease
P009,48,Female,135,175,225,0,0,0,0,Diabetes
P010,29,Male,120,98,175,1,1,0,0,Flu
P011,58,Female,148,185,240,0,0,0,1,Heart_Disease
P012,42,Male,128,160,215,0,0,1,0,Diabetes
